source_url,local_path,asset_filename,platform,page_url,product_name,product_description,price,product_name_hint,product_group_key,relationship_group_id,related_image_count,related_local_paths
https://cdn.shopify.com/s/files/1/0647/9495/1722/files/40225.jpg?v=1745546599,C:\Users\Lil Steez-E\Pictures\product-crawler\shopify_downloads2\earrings\earrings-jackets-40225\earrings-jackets\40225.jpg,40225.jpg,shopify,https://zermattdiamonds.co.za/products/earrings-jackets-40225,Earrings Jackets,"This piece can be fully customised to suit your unique style. Select your preferred diamond shape, size, and quality, along with your choice of gold type and colour. Each custom order is crafted with exceptional care to bring your personal vision to life. For more information or assistance, please contact our office with any enquiries",3343.75,Earrings Jackets,earrings-jackets,shopify:earrings-jackets,0,
https://cdn.shopify.com/s/files/1/0647/9495/1722/files/stackrubystock.jpg?v=1772623776,C:\Users\Lil Steez-E\Pictures\product-crawler\shopify_downloads2\earrings\0-50ct-lab-grown-round-brilliant-diamond-earrings-set-in-9ct-yellow-gold-1ct-total-diamond-weight-copy\ruby-eternity-band-set-in-9ct-yellow-gold\stackrubystock.jpg,stackrubystock.jpg,shopify,https://zermattdiamonds.co.za/products/0-50ct-lab-grown-round-brilliant-diamond-earrings-set-in-9ct-yellow-gold-1ct-total-diamond-weight-copy,Ruby Eternity Band Set In 9ct Yellow Gold,Ruby Eternity Band Set In 9ct Yellow Gold Stock: ZJ-46909 Shape: Round Rubies Total Carat Weight: 0.20ct Colour Grade: Fancy Vivid Clarity Grade: VS Polish : Excellent Symmetry: Excellent Availability 1-2 Business Days,11900.00,Ruby Eternity Band Set In 9ct Yellow Gold,ruby-eternity-band-set-in-9ct-yellow-gold,shopify:ruby-eternity-band-set-in-9ct-yellow-gold,5,C:\Users\Lil Steez-E\Pictures\product-crawler\shopify_downloads2\earrings\0-50ct-lab-grown-round-brilliant-diamond-earrings-set-in-9ct-yellow-gold-1ct-total-diamond-weight-copy\ruby-eternity-band-set-in-9ct-yellow-gold\1_e2949257-2a4a-4b2c-a286-80bd0c816a6f.jpg | C:\Users\Lil Steez-E\Pictures\product-crawler\shopify_downloads2\earrings\0-50ct-lab-grown-round-brilliant-diamond-earrings-set-in-9ct-yellow-gold-1ct-total-diamond-weight-copy\ruby-eternity-band-set-in-9ct-yellow-gold\2_b3eda311-7783-44b5-b2b3-b828f65ed5f6.jpg | C:\Users\Lil Steez-E\Pictures\product-crawler\shopify_downloads2\earrings\0-50ct-lab-grown-round-brilliant-diamond-earrings-set-in-9ct-yellow-gold-1ct-total-diamond-weight-copy\ruby-eternity-band-set-in-9ct-yellow-gold\3_757174ca-f180-4af9-b305-b49c13fed52f.jpg | C:\Users\Lil Steez-E\Pictures\product-crawler\shopify_downloads2\earrings\0-50ct-lab-grown-round-brilliant-diamond-earrings-set-in-9ct-yellow-gold-1ct-total-diamond-weight-copy\ruby-eternity-band-set-in-9ct-yellow-gold\4_8111819c-c4d5-40b9-862d-51086fc740fe.jpg | C:\Users\Lil Steez-E\Pictures\product-crawler\shopify_downloads2\earrings\0-50ct-lab-grown-round-brilliant-diamond-earrings-set-in-9ct-yellow-gold-1ct-total-diamond-weight-copy\ruby-eternity-band-set-in-9ct-yellow-gold\5_4f3628d4-caef-47a7-a65b-c9f3768f2c9e.jpg
https://cdn.shopify.com/s/files/1/0647/9495/1722/files/1_e2949257-2a4a-4b2c-a286-80bd0c816a6f.jpg?v=1772623777,C:\Users\Lil Steez-E\Pictures\product-crawler\shopify_downloads2\earrings\0-50ct-lab-grown-round-brilliant-diamond-earrings-set-in-9ct-yellow-gold-1ct-total-diamond-weight-copy\ruby-eternity-band-set-in-9ct-yellow-gold\1_e2949257-2a4a-4b2c-a286-80bd0c816a6f.jpg,1_e2949257-2a4a-4b2c-a286-80bd0c816a6f.jpg,shopify,https://zermattdiamonds.co.za/products/0-50ct-lab-grown-round-brilliant-diamond-earrings-set-in-9ct-yellow-gold-1ct-total-diamond-weight-copy,Ruby Eternity Band Set In 9ct Yellow Gold,Ruby Eternity Band Set In 9ct Yellow Gold Stock: ZJ-46909 Shape: Round Rubies Total Carat Weight: 0.20ct Colour Grade: Fancy Vivid Clarity Grade: VS Polish : Excellent Symmetry: Excellent Availability 1-2 Business Days,11900.00,Ruby Eternity Band Set In 9ct Yellow Gold,ruby-eternity-band-set-in-9ct-yellow-gold,shopify:ruby-eternity-band-set-in-9ct-yellow-gold,5,C:\Users\Lil Steez-E\Pictures\product-crawler\shopify_downloads2\earrings\0-50ct-lab-grown-round-brilliant-diamond-earrings-set-in-9ct-yellow-gold-1ct-total-diamond-weight-copy\ruby-eternity-band-set-in-9ct-yellow-gold\stackrubystock.jpg | C:\Users\Lil Steez-E\Pictures\product-crawler\shopify_downloads2\earrings\0-50ct-lab-grown-round-brilliant-diamond-earrings-set-in-9ct-yellow-gold-1ct-total-diamond-weight-copy\ruby-eternity-band-set-in-9ct-yellow-gold\2_b3eda311-7783-44b5-b2b3-b828f65ed5f6.jpg | C:\Users\Lil Steez-E\Pictures\product-crawler\shopify_downloads2\earrings\0-50ct-lab-grown-round-brilliant-diamond-earrings-set-in-9ct-yellow-gold-1ct-total-diamond-weight-copy\ruby-eternity-band-set-in-9ct-yellow-gold\3_757174ca-f180-4af9-b305-b49c13fed52f.jpg | C:\Users\Lil Steez-E\Pictures\product-crawler\shopify_downloads2\earrings\0-50ct-lab-grown-round-brilliant-diamond-earrings-set-in-9ct-yellow-gold-1ct-total-diamond-weight-copy\ruby-eternity-band-set-in-9ct-yellow-gold\4_8111819c-c4d5-40b9-862d-51086fc740fe.jpg | C:\Users\Lil Steez-E\Pictures\product-crawler\shopify_downloads2\earrings\0-50ct-lab-grown-round-brilliant-diamond-earrings-set-in-9ct-yellow-gold-1ct-total-diamond-weight-copy\ruby-eternity-band-set-in-9ct-yellow-gold\5_4f3628d4-caef-47a7-a65b-c9f3768f2c9e.jpg
https://cdn.shopify.com/s/files/1/0647/9495/1722/files/2_b3eda311-7783-44b5-b2b3-b828f65ed5f6.jpg?v=1772623777,C:\Users\Lil Steez-E\Pictures\product-crawler\shopify_downloads2\earrings\0-50ct-lab-grown-round-brilliant-diamond-earrings-set-in-9ct-yellow-gold-1ct-total-diamond-weight-copy\ruby-eternity-band-set-in-9ct-yellow-gold\2_b3eda311-7783-44b5-b2b3-b828f65ed5f6.jpg,2_b3eda311-7783-44b5-b2b3-b828f65ed5f6.jpg,shopify,https://zermattdiamonds.co.za/products/0-50ct-lab-grown-round-brilliant-diamond-earrings-set-in-9ct-yellow-gold-1ct-total-diamond-weight-copy,Ruby Eternity Band Set In 9ct Yellow Gold,Ruby Eternity Band Set In 9ct Yellow Gold Stock: ZJ-46909 Shape: Round Rubies Total Carat Weight: 0.20ct Colour Grade: Fancy Vivid Clarity Grade: VS Polish : Excellent Symmetry: Excellent Availability 1-2 Business Days,11900.00,Ruby Eternity Band Set In 9ct Yellow Gold,ruby-eternity-band-set-in-9ct-yellow-gold,shopify:ruby-eternity-band-set-in-9ct-yellow-gold,5,C:\Users\Lil Steez-E\Pictures\product-crawler\shopify_downloads2\earrings\0-50ct-lab-grown-round-brilliant-diamond-earrings-set-in-9ct-yellow-gold-1ct-total-diamond-weight-copy\ruby-eternity-band-set-in-9ct-yellow-gold\stackrubystock.jpg | C:\Users\Lil Steez-E\Pictures\product-crawler\shopify_downloads2\earrings\0-50ct-lab-grown-round-brilliant-diamond-earrings-set-in-9ct-yellow-gold-1ct-total-diamond-weight-copy\ruby-eternity-band-set-in-9ct-yellow-gold\1_e2949257-2a4a-4b2c-a286-80bd0c816a6f.jpg | C:\Users\Lil Steez-E\Pictures\product-crawler\shopify_downloads2\earrings\0-50ct-lab-grown-round-brilliant-diamond-earrings-set-in-9ct-yellow-gold-1ct-total-diamond-weight-copy\ruby-eternity-band-set-in-9ct-yellow-gold\3_757174ca-f180-4af9-b305-b49c13fed52f.jpg | C:\Users\Lil Steez-E\Pictures\product-crawler\shopify_downloads2\earrings\0-50ct-lab-grown-round-brilliant-diamond-earrings-set-in-9ct-yellow-gold-1ct-total-diamond-weight-copy\ruby-eternity-band-set-in-9ct-yellow-gold\4_8111819c-c4d5-40b9-862d-51086fc740fe.jpg | C:\Users\Lil Steez-E\Pictures\product-crawler\shopify_downloads2\earrings\0-50ct-lab-grown-round-brilliant-diamond-earrings-set-in-9ct-yellow-gold-1ct-total-diamond-weight-copy\ruby-eternity-band-set-in-9ct-yellow-gold\5_4f3628d4-caef-47a7-a65b-c9f3768f2c9e.jpg
https://cdn.shopify.com/s/files/1/0647/9495/1722/files/3_757174ca-f180-4af9-b305-b49c13fed52f.jpg?v=1772623777,C:\Users\Lil Steez-E\Pictures\product-crawler\shopify_downloads2\earrings\0-50ct-lab-grown-round-brilliant-diamond-earrings-set-in-9ct-yellow-gold-1ct-total-diamond-weight-copy\ruby-eternity-band-set-in-9ct-yellow-gold\3_757174ca-f180-4af9-b305-b49c13fed52f.jpg,3_757174ca-f180-4af9-b305-b49c13fed52f.jpg,shopify,https://zermattdiamonds.co.za/products/0-50ct-lab-grown-round-brilliant-diamond-earrings-set-in-9ct-yellow-gold-1ct-total-diamond-weight-copy,Ruby Eternity Band Set In 9ct Yellow Gold,Ruby Eternity Band Set In 9ct Yellow Gold Stock: ZJ-46909 Shape: Round Rubies Total Carat Weight: 0.20ct Colour Grade: Fancy Vivid Clarity Grade: VS Polish : Excellent Symmetry: Excellent Availability 1-2 Business Days,11900.00,Ruby Eternity Band Set In 9ct Yellow Gold,ruby-eternity-band-set-in-9ct-yellow-gold,shopify:ruby-eternity-band-set-in-9ct-yellow-gold,5,C:\Users\Lil Steez-E\Pictures\product-crawler\shopify_downloads2\earrings\0-50ct-lab-grown-round-brilliant-diamond-earrings-set-in-9ct-yellow-gold-1ct-total-diamond-weight-copy\ruby-eternity-band-set-in-9ct-yellow-gold\stackrubystock.jpg | C:\Users\Lil Steez-E\Pictures\product-crawler\shopify_downloads2\earrings\0-50ct-lab-grown-round-brilliant-diamond-earrings-set-in-9ct-yellow-gold-1ct-total-diamond-weight-copy\ruby-eternity-band-set-in-9ct-yellow-gold\1_e2949257-2a4a-4b2c-a286-80bd0c816a6f.jpg | C:\Users\Lil Steez-E\Pictures\product-crawler\shopify_downloads2\earrings\0-50ct-lab-grown-round-brilliant-diamond-earrings-set-in-9ct-yellow-gold-1ct-total-diamond-weight-copy\ruby-eternity-band-set-in-9ct-yellow-gold\2_b3eda311-7783-44b5-b2b3-b828f65ed5f6.jpg | C:\Users\Lil Steez-E\Pictures\product-crawler\shopify_downloads2\earrings\0-50ct-lab-grown-round-brilliant-diamond-earrings-set-in-9ct-yellow-gold-1ct-total-diamond-weight-copy\ruby-eternity-band-set-in-9ct-yellow-gold\4_8111819c-c4d5-40b9-862d-51086fc740fe.jpg | C:\Users\Lil Steez-E\Pictures\product-crawler\shopify_downloads2\earrings\0-50ct-lab-grown-round-brilliant-diamond-earrings-set-in-9ct-yellow-gold-1ct-total-diamond-weight-copy\ruby-eternity-band-set-in-9ct-yellow-gold\5_4f3628d4-caef-47a7-a65b-c9f3768f2c9e.jpg
https://cdn.shopify.com/s/files/1/0647/9495/1722/files/4_8111819c-c4d5-40b9-862d-51086fc740fe.jpg?v=1772623777,C:\Users\Lil Steez-E\Pictures\product-crawler\shopify_downloads2\earrings\0-50ct-lab-grown-round-brilliant-diamond-earrings-set-in-9ct-yellow-gold-1ct-total-diamond-weight-copy\ruby-eternity-band-set-in-9ct-yellow-gold\4_8111819c-c4d5-40b9-862d-51086fc740fe.jpg,4_8111819c-c4d5-40b9-862d-51086fc740fe.jpg,shopify,https://zermattdiamonds.co.za/products/0-50ct-lab-grown-round-brilliant-diamond-earrings-set-in-9ct-yellow-gold-1ct-total-diamond-weight-copy,Ruby Eternity Band Set In 9ct Yellow Gold,Ruby Eternity Band Set In 9ct Yellow Gold Stock: ZJ-46909 Shape: Round Rubies Total Carat Weight: 0.20ct Colour Grade: Fancy Vivid Clarity Grade: VS Polish : Excellent Symmetry: Excellent Availability 1-2 Business Days,11900.00,Ruby Eternity Band Set In 9ct Yellow Gold,ruby-eternity-band-set-in-9ct-yellow-gold,shopify:ruby-eternity-band-set-in-9ct-yellow-gold,5,C:\Users\Lil Steez-E\Pictures\product-crawler\shopify_downloads2\earrings\0-50ct-lab-grown-round-brilliant-diamond-earrings-set-in-9ct-yellow-gold-1ct-total-diamond-weight-copy\ruby-eternity-band-set-in-9ct-yellow-gold\stackrubystock.jpg | C:\Users\Lil Steez-E\Pictures\product-crawler\shopify_downloads2\earrings\0-50ct-lab-grown-round-brilliant-diamond-earrings-set-in-9ct-yellow-gold-1ct-total-diamond-weight-copy\ruby-eternity-band-set-in-9ct-yellow-gold\1_e2949257-2a4a-4b2c-a286-80bd0c816a6f.jpg | C:\Users\Lil Steez-E\Pictures\product-crawler\shopify_downloads2\earrings\0-50ct-lab-grown-round-brilliant-diamond-earrings-set-in-9ct-yellow-gold-1ct-total-diamond-weight-copy\ruby-eternity-band-set-in-9ct-yellow-gold\2_b3eda311-7783-44b5-b2b3-b828f65ed5f6.jpg | C:\Users\Lil Steez-E\Pictures\product-crawler\shopify_downloads2\earrings\0-50ct-lab-grown-round-brilliant-diamond-earrings-set-in-9ct-yellow-gold-1ct-total-diamond-weight-copy\ruby-eternity-band-set-in-9ct-yellow-gold\3_757174ca-f180-4af9-b305-b49c13fed52f.jpg | C:\Users\Lil Steez-E\Pictures\product-crawler\shopify_downloads2\earrings\0-50ct-lab-grown-round-brilliant-diamond-earrings-set-in-9ct-yellow-gold-1ct-total-diamond-weight-copy\ruby-eternity-band-set-in-9ct-yellow-gold\5_4f3628d4-caef-47a7-a65b-c9f3768f2c9e.jpg
https://cdn.shopify.com/s/files/1/0647/9495/1722/files/5_4f3628d4-caef-47a7-a65b-c9f3768f2c9e.jpg?v=1772623777,C:\Users\Lil Steez-E\Pictures\product-crawler\shopify_downloads2\earrings\0-50ct-lab-grown-round-brilliant-diamond-earrings-set-in-9ct-yellow-gold-1ct-total-diamond-weight-copy\ruby-eternity-band-set-in-9ct-yellow-gold\5_4f3628d4-caef-47a7-a65b-c9f3768f2c9e.jpg,5_4f3628d4-caef-47a7-a65b-c9f3768f2c9e.jpg,shopify,https://zermattdiamonds.co.za/products/0-50ct-lab-grown-round-brilliant-diamond-earrings-set-in-9ct-yellow-gold-1ct-total-diamond-weight-copy,Ruby Eternity Band Set In 9ct Yellow Gold,Ruby Eternity Band Set In 9ct Yellow Gold Stock: ZJ-46909 Shape: Round Rubies Total Carat Weight: 0.20ct Colour Grade: Fancy Vivid Clarity Grade: VS Polish : Excellent Symmetry: Excellent Availability 1-2 Business Days,11900.00,Ruby Eternity Band Set In 9ct Yellow Gold,ruby-eternity-band-set-in-9ct-yellow-gold,shopify:ruby-eternity-band-set-in-9ct-yellow-gold,5,C:\Users\Lil Steez-E\Pictures\product-crawler\shopify_downloads2\earrings\0-50ct-lab-grown-round-brilliant-diamond-earrings-set-in-9ct-yellow-gold-1ct-total-diamond-weight-copy\ruby-eternity-band-set-in-9ct-yellow-gold\stackrubystock.jpg | C:\Users\Lil Steez-E\Pictures\product-crawler\shopify_downloads2\earrings\0-50ct-lab-grown-round-brilliant-diamond-earrings-set-in-9ct-yellow-gold-1ct-total-diamond-weight-copy\ruby-eternity-band-set-in-9ct-yellow-gold\1_e2949257-2a4a-4b2c-a286-80bd0c816a6f.jpg | C:\Users\Lil Steez-E\Pictures\product-crawler\shopify_downloads2\earrings\0-50ct-lab-grown-round-brilliant-diamond-earrings-set-in-9ct-yellow-gold-1ct-total-diamond-weight-copy\ruby-eternity-band-set-in-9ct-yellow-gold\2_b3eda311-7783-44b5-b2b3-b828f65ed5f6.jpg | C:\Users\Lil Steez-E\Pictures\product-crawler\shopify_downloads2\earrings\0-50ct-lab-grown-round-brilliant-diamond-earrings-set-in-9ct-yellow-gold-1ct-total-diamond-weight-copy\ruby-eternity-band-set-in-9ct-yellow-gold\3_757174ca-f180-4af9-b305-b49c13fed52f.jpg | C:\Users\Lil Steez-E\Pictures\product-crawler\shopify_downloads2\earrings\0-50ct-lab-grown-round-brilliant-diamond-earrings-set-in-9ct-yellow-gold-1ct-total-diamond-weight-copy\ruby-eternity-band-set-in-9ct-yellow-gold\4_8111819c-c4d5-40b9-862d-51086fc740fe.jpg
https://cdn.shopify.com/s/files/1/0647/9495/1722/files/earingssotck.jpg?v=1772623241,C:\Users\Lil Steez-E\Pictures\product-crawler\shopify_downloads2\earrings\0-50ct-lab-grown-round-brilliant-diamond-earrings-set-in-9ct-yellow-gold-1ct-total-diamond-weight\1-5ct-lab-grown-round-brilliant-diamond-earrings-set-in-9ct-white-gold-3ct-total\earingssotck.jpg,earingssotck.jpg,shopify,https://zermattdiamonds.co.za/products/0-50ct-lab-grown-round-brilliant-diamond-earrings-set-in-9ct-yellow-gold-1ct-total-diamond-weight,1.5ct Lab Grown Round Brilliant Diamond Earrings Set in 9ct White Gold (3ct Total Diamond Weight),1.5ct Set In 9ct White Gold Shape: Round Brilliant Total Carat Weight: 3ct Colour Grade: F Clarity Grade: VVS1 Polish : Excellent Symmetry: Excellent Cut: Ideal Availability 1-2 Business Days,25900.00,1.5ct Lab Grown Round Brilliant Diamond Earrings Set in 9ct White Gold (3ct Total Diamond Weight),1-5ct-lab-grown-round-brilliant-diamond-earrings-set-in-9ct-white-gold-3ct-total,shopify:1-5ct-lab-grown-round-brilliant-diamond-earrings-set-in-9ct-white-gold-3ct-total,6,C:\Users\Lil Steez-E\Pictures\product-crawler\shopify_downloads2\earrings\0-50ct-lab-grown-round-brilliant-diamond-earrings-set-in-9ct-yellow-gold-1ct-total-diamond-weight\1-5ct-lab-grown-round-brilliant-diamond-earrings-set-in-9ct-white-gold-3ct-total\1_2733a5a5-ce16-4c03-9b42-a5dcd790d979.jpg | C:\Users\Lil Steez-E\Pictures\product-crawler\shopify_downloads2\earrings\0-50ct-lab-grown-round-brilliant-diamond-earrings-set-in-9ct-yellow-gold-1ct-total-diamond-weight\1-5ct-lab-grown-round-brilliant-diamond-earrings-set-in-9ct-white-gold-3ct-total\2_976d95e1-4ab3-4cdd-8425-3d6646c9bcae.jpg | C:\Users\Lil Steez-E\Pictures\product-crawler\shopify_downloads2\earrings\0-50ct-lab-grown-round-brilliant-diamond-earrings-set-in-9ct-yellow-gold-1ct-total-diamond-weight\1-5ct-lab-grown-round-brilliant-diamond-earrings-set-in-9ct-white-gold-3ct-total\3_9edb361c-ff66-4c31-a0c7-1e7515690e19.jpg | C:\Users\Lil Steez-E\Pictures\product-crawler\shopify_downloads2\earrings\0-50ct-lab-grown-round-brilliant-diamond-earrings-set-in-9ct-yellow-gold-1ct-total-diamond-weight\1-5ct-lab-grown-round-brilliant-diamond-earrings-set-in-9ct-white-gold-3ct-total\4_37e2852a-c9c4-409f-ba93-3cf153c4557f.jpg | C:\Users\Lil Steez-E\Pictures\product-crawler\shopify_downloads2\earrings\0-50ct-lab-grown-round-brilliant-diamond-earrings-set-in-9ct-yellow-gold-1ct-total-diamond-weight\1-5ct-lab-grown-round-brilliant-diamond-earrings-set-in-9ct-white-gold-3ct-total\5_c45ab6d1-46c0-4661-b918-fd044b4478cb.jpg | C:\Users\Lil Steez-E\Pictures\product-crawler\shopify_downloads2\earrings\0-50ct-lab-grown-round-brilliant-diamond-earrings-set-in-9ct-yellow-gold-1ct-total-diamond-weight\1-5ct-lab-grown-round-brilliant-diamond-earrings-set-in-9ct-white-gold-3ct-total\6_bdf9fc5c-9f49-4ff2-a67b-3c6ad2efa15d.jpg
https://cdn.shopify.com/s/files/1/0647/9495/1722/files/1_2733a5a5-ce16-4c03-9b42-a5dcd790d979.jpg?v=1772623242,C:\Users\Lil Steez-E\Pictures\product-crawler\shopify_downloads2\earrings\0-50ct-lab-grown-round-brilliant-diamond-earrings-set-in-9ct-yellow-gold-1ct-total-diamond-weight\1-5ct-lab-grown-round-brilliant-diamond-earrings-set-in-9ct-white-gold-3ct-total\1_2733a5a5-ce16-4c03-9b42-a5dcd790d979.jpg,1_2733a5a5-ce16-4c03-9b42-a5dcd790d979.jpg,shopify,https://zermattdiamonds.co.za/products/0-50ct-lab-grown-round-brilliant-diamond-earrings-set-in-9ct-yellow-gold-1ct-total-diamond-weight,1.5ct Lab Grown Round Brilliant Diamond Earrings Set in 9ct White Gold (3ct Total Diamond Weight),1.5ct Set In 9ct White Gold Shape: Round Brilliant Total Carat Weight: 3ct Colour Grade: F Clarity Grade: VVS1 Polish : Excellent Symmetry: Excellent Cut: Ideal Availability 1-2 Business Days,25900.00,1.5ct Lab Grown Round Brilliant Diamond Earrings Set in 9ct White Gold (3ct Total Diamond Weight),1-5ct-lab-grown-round-brilliant-diamond-earrings-set-in-9ct-white-gold-3ct-total,shopify:1-5ct-lab-grown-round-brilliant-diamond-earrings-set-in-9ct-white-gold-3ct-total,6,C:\Users\Lil Steez-E\Pictures\product-crawler\shopify_downloads2\earrings\0-50ct-lab-grown-round-brilliant-diamond-earrings-set-in-9ct-yellow-gold-1ct-total-diamond-weight\1-5ct-lab-grown-round-brilliant-diamond-earrings-set-in-9ct-white-gold-3ct-total\earingssotck.jpg | C:\Users\Lil Steez-E\Pictures\product-crawler\shopify_downloads2\earrings\0-50ct-lab-grown-round-brilliant-diamond-earrings-set-in-9ct-yellow-gold-1ct-total-diamond-weight\1-5ct-lab-grown-round-brilliant-diamond-earrings-set-in-9ct-white-gold-3ct-total\2_976d95e1-4ab3-4cdd-8425-3d6646c9bcae.jpg | C:\Users\Lil Steez-E\Pictures\product-crawler\shopify_downloads2\earrings\0-50ct-lab-grown-round-brilliant-diamond-earrings-set-in-9ct-yellow-gold-1ct-total-diamond-weight\1-5ct-lab-grown-round-brilliant-diamond-earrings-set-in-9ct-white-gold-3ct-total\3_9edb361c-ff66-4c31-a0c7-1e7515690e19.jpg | C:\Users\Lil Steez-E\Pictures\product-crawler\shopify_downloads2\earrings\0-50ct-lab-grown-round-brilliant-diamond-earrings-set-in-9ct-yellow-gold-1ct-total-diamond-weight\1-5ct-lab-grown-round-brilliant-diamond-earrings-set-in-9ct-white-gold-3ct-total\4_37e2852a-c9c4-409f-ba93-3cf153c4557f.jpg | C:\Users\Lil Steez-E\Pictures\product-crawler\shopify_downloads2\earrings\0-50ct-lab-grown-round-brilliant-diamond-earrings-set-in-9ct-yellow-gold-1ct-total-diamond-weight\1-5ct-lab-grown-round-brilliant-diamond-earrings-set-in-9ct-white-gold-3ct-total\5_c45ab6d1-46c0-4661-b918-fd044b4478cb.jpg | C:\Users\Lil Steez-E\Pictures\product-crawler\shopify_downloads2\earrings\0-50ct-lab-grown-round-brilliant-diamond-earrings-set-in-9ct-yellow-gold-1ct-total-diamond-weight\1-5ct-lab-grown-round-brilliant-diamond-earrings-set-in-9ct-white-gold-3ct-total\6_bdf9fc5c-9f49-4ff2-a67b-3c6ad2efa15d.jpg
https://cdn.shopify.com/s/files/1/0647/9495/1722/files/2_976d95e1-4ab3-4cdd-8425-3d6646c9bcae.jpg?v=1772623242,C:\Users\Lil Steez-E\Pictures\product-crawler\shopify_downloads2\earrings\0-50ct-lab-grown-round-brilliant-diamond-earrings-set-in-9ct-yellow-gold-1ct-total-diamond-weight\1-5ct-lab-grown-round-brilliant-diamond-earrings-set-in-9ct-white-gold-3ct-total\2_976d95e1-4ab3-4cdd-8425-3d6646c9bcae.jpg,2_976d95e1-4ab3-4cdd-8425-3d6646c9bcae.jpg,shopify,https://zermattdiamonds.co.za/products/0-50ct-lab-grown-round-brilliant-diamond-earrings-set-in-9ct-yellow-gold-1ct-total-diamond-weight,1.5ct Lab Grown Round Brilliant Diamond Earrings Set in 9ct White Gold (3ct Total Diamond Weight),1.5ct Set In 9ct White Gold Shape: Round Brilliant Total Carat Weight: 3ct Colour Grade: F Clarity Grade: VVS1 Polish : Excellent Symmetry: Excellent Cut: Ideal Availability 1-2 Business Days,25900.00,1.5ct Lab Grown Round Brilliant Diamond Earrings Set in 9ct White Gold (3ct Total Diamond Weight),1-5ct-lab-grown-round-brilliant-diamond-earrings-set-in-9ct-white-gold-3ct-total,shopify:1-5ct-lab-grown-round-brilliant-diamond-earrings-set-in-9ct-white-gold-3ct-total,6,C:\Users\Lil Steez-E\Pictures\product-crawler\shopify_downloads2\earrings\0-50ct-lab-grown-round-brilliant-diamond-earrings-set-in-9ct-yellow-gold-1ct-total-diamond-weight\1-5ct-lab-grown-round-brilliant-diamond-earrings-set-in-9ct-white-gold-3ct-total\earingssotck.jpg | C:\Users\Lil Steez-E\Pictures\product-crawler\shopify_downloads2\earrings\0-50ct-lab-grown-round-brilliant-diamond-earrings-set-in-9ct-yellow-gold-1ct-total-diamond-weight\1-5ct-lab-grown-round-brilliant-diamond-earrings-set-in-9ct-white-gold-3ct-total\1_2733a5a5-ce16-4c03-9b42-a5dcd790d979.jpg | C:\Users\Lil Steez-E\Pictures\product-crawler\shopify_downloads2\earrings\0-50ct-lab-grown-round-brilliant-diamond-earrings-set-in-9ct-yellow-gold-1ct-total-diamond-weight\1-5ct-lab-grown-round-brilliant-diamond-earrings-set-in-9ct-white-gold-3ct-total\3_9edb361c-ff66-4c31-a0c7-1e7515690e19.jpg | C:\Users\Lil Steez-E\Pictures\product-crawler\shopify_downloads2\earrings\0-50ct-lab-grown-round-brilliant-diamond-earrings-set-in-9ct-yellow-gold-1ct-total-diamond-weight\1-5ct-lab-grown-round-brilliant-diamond-earrings-set-in-9ct-white-gold-3ct-total\4_37e2852a-c9c4-409f-ba93-3cf153c4557f.jpg | C:\Users\Lil Steez-E\Pictures\product-crawler\shopify_downloads2\earrings\0-50ct-lab-grown-round-brilliant-diamond-earrings-set-in-9ct-yellow-gold-1ct-total-diamond-weight\1-5ct-lab-grown-round-brilliant-diamond-earrings-set-in-9ct-white-gold-3ct-total\5_c45ab6d1-46c0-4661-b918-fd044b4478cb.jpg | C:\Users\Lil Steez-E\Pictures\product-crawler\shopify_downloads2\earrings\0-50ct-lab-grown-round-brilliant-diamond-earrings-set-in-9ct-yellow-gold-1ct-total-diamond-weight\1-5ct-lab-grown-round-brilliant-diamond-earrings-set-in-9ct-white-gold-3ct-total\6_bdf9fc5c-9f49-4ff2-a67b-3c6ad2efa15d.jpg
https://cdn.shopify.com/s/files/1/0647/9495/1722/files/3_9edb361c-ff66-4c31-a0c7-1e7515690e19.jpg?v=1772623242,C:\Users\Lil Steez-E\Pictures\product-crawler\shopify_downloads2\earrings\0-50ct-lab-grown-round-brilliant-diamond-earrings-set-in-9ct-yellow-gold-1ct-total-diamond-weight\1-5ct-lab-grown-round-brilliant-diamond-earrings-set-in-9ct-white-gold-3ct-total\3_9edb361c-ff66-4c31-a0c7-1e7515690e19.jpg,3_9edb361c-ff66-4c31-a0c7-1e7515690e19.jpg,shopify,https://zermattdiamonds.co.za/products/0-50ct-lab-grown-round-brilliant-diamond-earrings-set-in-9ct-yellow-gold-1ct-total-diamond-weight,1.5ct Lab Grown Round Brilliant Diamond Earrings Set in 9ct White Gold (3ct Total Diamond Weight),1.5ct Set In 9ct White Gold Shape: Round Brilliant Total Carat Weight: 3ct Colour Grade: F Clarity Grade: VVS1 Polish : Excellent Symmetry: Excellent Cut: Ideal Availability 1-2 Business Days,25900.00,1.5ct Lab Grown Round Brilliant Diamond Earrings Set in 9ct White Gold (3ct Total Diamond Weight),1-5ct-lab-grown-round-brilliant-diamond-earrings-set-in-9ct-white-gold-3ct-total,shopify:1-5ct-lab-grown-round-brilliant-diamond-earrings-set-in-9ct-white-gold-3ct-total,6,C:\Users\Lil Steez-E\Pictures\product-crawler\shopify_downloads2\earrings\0-50ct-lab-grown-round-brilliant-diamond-earrings-set-in-9ct-yellow-gold-1ct-total-diamond-weight\1-5ct-lab-grown-round-brilliant-diamond-earrings-set-in-9ct-white-gold-3ct-total\earingssotck.jpg | C:\Users\Lil Steez-E\Pictures\product-crawler\shopify_downloads2\earrings\0-50ct-lab-grown-round-brilliant-diamond-earrings-set-in-9ct-yellow-gold-1ct-total-diamond-weight\1-5ct-lab-grown-round-brilliant-diamond-earrings-set-in-9ct-white-gold-3ct-total\1_2733a5a5-ce16-4c03-9b42-a5dcd790d979.jpg | C:\Users\Lil Steez-E\Pictures\product-crawler\shopify_downloads2\earrings\0-50ct-lab-grown-round-brilliant-diamond-earrings-set-in-9ct-yellow-gold-1ct-total-diamond-weight\1-5ct-lab-grown-round-brilliant-diamond-earrings-set-in-9ct-white-gold-3ct-total\2_976d95e1-4ab3-4cdd-8425-3d6646c9bcae.jpg | C:\Users\Lil Steez-E\Pictures\product-crawler\shopify_downloads2\earrings\0-50ct-lab-grown-round-brilliant-diamond-earrings-set-in-9ct-yellow-gold-1ct-total-diamond-weight\1-5ct-lab-grown-round-brilliant-diamond-earrings-set-in-9ct-white-gold-3ct-total\4_37e2852a-c9c4-409f-ba93-3cf153c4557f.jpg | C:\Users\Lil Steez-E\Pictures\product-crawler\shopify_downloads2\earrings\0-50ct-lab-grown-round-brilliant-diamond-earrings-set-in-9ct-yellow-gold-1ct-total-diamond-weight\1-5ct-lab-grown-round-brilliant-diamond-earrings-set-in-9ct-white-gold-3ct-total\5_c45ab6d1-46c0-4661-b918-fd044b4478cb.jpg | C:\Users\Lil Steez-E\Pictures\product-crawler\shopify_downloads2\earrings\0-50ct-lab-grown-round-brilliant-diamond-earrings-set-in-9ct-yellow-gold-1ct-total-diamond-weight\1-5ct-lab-grown-round-brilliant-diamond-earrings-set-in-9ct-white-gold-3ct-total\6_bdf9fc5c-9f49-4ff2-a67b-3c6ad2efa15d.jpg
https://cdn.shopify.com/s/files/1/0647/9495/1722/files/4_37e2852a-c9c4-409f-ba93-3cf153c4557f.jpg?v=1772623242,C:\Users\Lil Steez-E\Pictures\product-crawler\shopify_downloads2\earrings\0-50ct-lab-grown-round-brilliant-diamond-earrings-set-in-9ct-yellow-gold-1ct-total-diamond-weight\1-5ct-lab-grown-round-brilliant-diamond-earrings-set-in-9ct-white-gold-3ct-total\4_37e2852a-c9c4-409f-ba93-3cf153c4557f.jpg,4_37e2852a-c9c4-409f-ba93-3cf153c4557f.jpg,shopify,https://zermattdiamonds.co.za/products/0-50ct-lab-grown-round-brilliant-diamond-earrings-set-in-9ct-yellow-gold-1ct-total-diamond-weight,1.5ct Lab Grown Round Brilliant Diamond Earrings Set in 9ct White Gold (3ct Total Diamond Weight),1.5ct Set In 9ct White Gold Shape: Round Brilliant Total Carat Weight: 3ct Colour Grade: F Clarity Grade: VVS1 Polish : Excellent Symmetry: Excellent Cut: Ideal Availability 1-2 Business Days,25900.00,1.5ct Lab Grown Round Brilliant Diamond Earrings Set in 9ct White Gold (3ct Total Diamond Weight),1-5ct-lab-grown-round-brilliant-diamond-earrings-set-in-9ct-white-gold-3ct-total,shopify:1-5ct-lab-grown-round-brilliant-diamond-earrings-set-in-9ct-white-gold-3ct-total,6,C:\Users\Lil Steez-E\Pictures\product-crawler\shopify_downloads2\earrings\0-50ct-lab-grown-round-brilliant-diamond-earrings-set-in-9ct-yellow-gold-1ct-total-diamond-weight\1-5ct-lab-grown-round-brilliant-diamond-earrings-set-in-9ct-white-gold-3ct-total\earingssotck.jpg | C:\Users\Lil Steez-E\Pictures\product-crawler\shopify_downloads2\earrings\0-50ct-lab-grown-round-brilliant-diamond-earrings-set-in-9ct-yellow-gold-1ct-total-diamond-weight\1-5ct-lab-grown-round-brilliant-diamond-earrings-set-in-9ct-white-gold-3ct-total\1_2733a5a5-ce16-4c03-9b42-a5dcd790d979.jpg | C:\Users\Lil Steez-E\Pictures\product-crawler\shopify_downloads2\earrings\0-50ct-lab-grown-round-brilliant-diamond-earrings-set-in-9ct-yellow-gold-1ct-total-diamond-weight\1-5ct-lab-grown-round-brilliant-diamond-earrings-set-in-9ct-white-gold-3ct-total\2_976d95e1-4ab3-4cdd-8425-3d6646c9bcae.jpg | C:\Users\Lil Steez-E\Pictures\product-crawler\shopify_downloads2\earrings\0-50ct-lab-grown-round-brilliant-diamond-earrings-set-in-9ct-yellow-gold-1ct-total-diamond-weight\1-5ct-lab-grown-round-brilliant-diamond-earrings-set-in-9ct-white-gold-3ct-total\3_9edb361c-ff66-4c31-a0c7-1e7515690e19.jpg | C:\Users\Lil Steez-E\Pictures\product-crawler\shopify_downloads2\earrings\0-50ct-lab-grown-round-brilliant-diamond-earrings-set-in-9ct-yellow-gold-1ct-total-diamond-weight\1-5ct-lab-grown-round-brilliant-diamond-earrings-set-in-9ct-white-gold-3ct-total\5_c45ab6d1-46c0-4661-b918-fd044b4478cb.jpg | C:\Users\Lil Steez-E\Pictures\product-crawler\shopify_downloads2\earrings\0-50ct-lab-grown-round-brilliant-diamond-earrings-set-in-9ct-yellow-gold-1ct-total-diamond-weight\1-5ct-lab-grown-round-brilliant-diamond-earrings-set-in-9ct-white-gold-3ct-total\6_bdf9fc5c-9f49-4ff2-a67b-3c6ad2efa15d.jpg
https://cdn.shopify.com/s/files/1/0647/9495/1722/files/5_c45ab6d1-46c0-4661-b918-fd044b4478cb.jpg?v=1772623242,C:\Users\Lil Steez-E\Pictures\product-crawler\shopify_downloads2\earrings\0-50ct-lab-grown-round-brilliant-diamond-earrings-set-in-9ct-yellow-gold-1ct-total-diamond-weight\1-5ct-lab-grown-round-brilliant-diamond-earrings-set-in-9ct-white-gold-3ct-total\5_c45ab6d1-46c0-4661-b918-fd044b4478cb.jpg,5_c45ab6d1-46c0-4661-b918-fd044b4478cb.jpg,shopify,https://zermattdiamonds.co.za/products/0-50ct-lab-grown-round-brilliant-diamond-earrings-set-in-9ct-yellow-gold-1ct-total-diamond-weight,1.5ct Lab Grown Round Brilliant Diamond Earrings Set in 9ct White Gold (3ct Total Diamond Weight),1.5ct Set In 9ct White Gold Shape: Round Brilliant Total Carat Weight: 3ct Colour Grade: F Clarity Grade: VVS1 Polish : Excellent Symmetry: Excellent Cut: Ideal Availability 1-2 Business Days,25900.00,1.5ct Lab Grown Round Brilliant Diamond Earrings Set in 9ct White Gold (3ct Total Diamond Weight),1-5ct-lab-grown-round-brilliant-diamond-earrings-set-in-9ct-white-gold-3ct-total,shopify:1-5ct-lab-grown-round-brilliant-diamond-earrings-set-in-9ct-white-gold-3ct-total,6,C:\Users\Lil Steez-E\Pictures\product-crawler\shopify_downloads2\earrings\0-50ct-lab-grown-round-brilliant-diamond-earrings-set-in-9ct-yellow-gold-1ct-total-diamond-weight\1-5ct-lab-grown-round-brilliant-diamond-earrings-set-in-9ct-white-gold-3ct-total\earingssotck.jpg | C:\Users\Lil Steez-E\Pictures\product-crawler\shopify_downloads2\earrings\0-50ct-lab-grown-round-brilliant-diamond-earrings-set-in-9ct-yellow-gold-1ct-total-diamond-weight\1-5ct-lab-grown-round-brilliant-diamond-earrings-set-in-9ct-white-gold-3ct-total\1_2733a5a5-ce16-4c03-9b42-a5dcd790d979.jpg | C:\Users\Lil Steez-E\Pictures\product-crawler\shopify_downloads2\earrings\0-50ct-lab-grown-round-brilliant-diamond-earrings-set-in-9ct-yellow-gold-1ct-total-diamond-weight\1-5ct-lab-grown-round-brilliant-diamond-earrings-set-in-9ct-white-gold-3ct-total\2_976d95e1-4ab3-4cdd-8425-3d6646c9bcae.jpg | C:\Users\Lil Steez-E\Pictures\product-crawler\shopify_downloads2\earrings\0-50ct-lab-grown-round-brilliant-diamond-earrings-set-in-9ct-yellow-gold-1ct-total-diamond-weight\1-5ct-lab-grown-round-brilliant-diamond-earrings-set-in-9ct-white-gold-3ct-total\3_9edb361c-ff66-4c31-a0c7-1e7515690e19.jpg | C:\Users\Lil Steez-E\Pictures\product-crawler\shopify_downloads2\earrings\0-50ct-lab-grown-round-brilliant-diamond-earrings-set-in-9ct-yellow-gold-1ct-total-diamond-weight\1-5ct-lab-grown-round-brilliant-diamond-earrings-set-in-9ct-white-gold-3ct-total\4_37e2852a-c9c4-409f-ba93-3cf153c4557f.jpg | C:\Users\Lil Steez-E\Pictures\product-crawler\shopify_downloads2\earrings\0-50ct-lab-grown-round-brilliant-diamond-earrings-set-in-9ct-yellow-gold-1ct-total-diamond-weight\1-5ct-lab-grown-round-brilliant-diamond-earrings-set-in-9ct-white-gold-3ct-total\6_bdf9fc5c-9f49-4ff2-a67b-3c6ad2efa15d.jpg
https://cdn.shopify.com/s/files/1/0647/9495/1722/files/6_bdf9fc5c-9f49-4ff2-a67b-3c6ad2efa15d.jpg?v=1772623242,C:\Users\Lil Steez-E\Pictures\product-crawler\shopify_downloads2\earrings\0-50ct-lab-grown-round-brilliant-diamond-earrings-set-in-9ct-yellow-gold-1ct-total-diamond-weight\1-5ct-lab-grown-round-brilliant-diamond-earrings-set-in-9ct-white-gold-3ct-total\6_bdf9fc5c-9f49-4ff2-a67b-3c6ad2efa15d.jpg,6_bdf9fc5c-9f49-4ff2-a67b-3c6ad2efa15d.jpg,shopify,https://zermattdiamonds.co.za/products/0-50ct-lab-grown-round-brilliant-diamond-earrings-set-in-9ct-yellow-gold-1ct-total-diamond-weight,1.5ct Lab Grown Round Brilliant Diamond Earrings Set in 9ct White Gold (3ct Total Diamond Weight),1.5ct Set In 9ct White Gold Shape: Round Brilliant Total Carat Weight: 3ct Colour Grade: F Clarity Grade: VVS1 Polish : Excellent Symmetry: Excellent Cut: Ideal Availability 1-2 Business Days,25900.00,1.5ct Lab Grown Round Brilliant Diamond Earrings Set in 9ct White Gold (3ct Total Diamond Weight),1-5ct-lab-grown-round-brilliant-diamond-earrings-set-in-9ct-white-gold-3ct-total,shopify:1-5ct-lab-grown-round-brilliant-diamond-earrings-set-in-9ct-white-gold-3ct-total,6,C:\Users\Lil Steez-E\Pictures\product-crawler\shopify_downloads2\earrings\0-50ct-lab-grown-round-brilliant-diamond-earrings-set-in-9ct-yellow-gold-1ct-total-diamond-weight\1-5ct-lab-grown-round-brilliant-diamond-earrings-set-in-9ct-white-gold-3ct-total\earingssotck.jpg | C:\Users\Lil Steez-E\Pictures\product-crawler\shopify_downloads2\earrings\0-50ct-lab-grown-round-brilliant-diamond-earrings-set-in-9ct-yellow-gold-1ct-total-diamond-weight\1-5ct-lab-grown-round-brilliant-diamond-earrings-set-in-9ct-white-gold-3ct-total\1_2733a5a5-ce16-4c03-9b42-a5dcd790d979.jpg | C:\Users\Lil Steez-E\Pictures\product-crawler\shopify_downloads2\earrings\0-50ct-lab-grown-round-brilliant-diamond-earrings-set-in-9ct-yellow-gold-1ct-total-diamond-weight\1-5ct-lab-grown-round-brilliant-diamond-earrings-set-in-9ct-white-gold-3ct-total\2_976d95e1-4ab3-4cdd-8425-3d6646c9bcae.jpg | C:\Users\Lil Steez-E\Pictures\product-crawler\shopify_downloads2\earrings\0-50ct-lab-grown-round-brilliant-diamond-earrings-set-in-9ct-yellow-gold-1ct-total-diamond-weight\1-5ct-lab-grown-round-brilliant-diamond-earrings-set-in-9ct-white-gold-3ct-total\3_9edb361c-ff66-4c31-a0c7-1e7515690e19.jpg | C:\Users\Lil Steez-E\Pictures\product-crawler\shopify_downloads2\earrings\0-50ct-lab-grown-round-brilliant-diamond-earrings-set-in-9ct-yellow-gold-1ct-total-diamond-weight\1-5ct-lab-grown-round-brilliant-diamond-earrings-set-in-9ct-white-gold-3ct-total\4_37e2852a-c9c4-409f-ba93-3cf153c4557f.jpg | C:\Users\Lil Steez-E\Pictures\product-crawler\shopify_downloads2\earrings\0-50ct-lab-grown-round-brilliant-diamond-earrings-set-in-9ct-yellow-gold-1ct-total-diamond-weight\1-5ct-lab-grown-round-brilliant-diamond-earrings-set-in-9ct-white-gold-3ct-total\5_c45ab6d1-46c0-4661-b918-fd044b4478cb.jpg
https://cdn.shopify.com/s/files/1/0647/9495/1722/files/earingstockgold.jpg?v=1772622420,C:\Users\Lil Steez-E\Pictures\product-crawler\shopify_downloads2\earrings\1-40ct-total-weight-lab-grown-diamond-halo-earrings-set-in-9ct-white-gold-copy\0-80ct-total-diamond-weight-huggie-earrings-set-in-9ct-yellow-gold\earingstockgold.jpg,earingstockgold.jpg,shopify,https://zermattdiamonds.co.za/products/1-40ct-total-weight-lab-grown-diamond-halo-earrings-set-in-9ct-white-gold-copy,0.80ct Total Diamond Weight Huggie Earrings set in 9ct Yellow Gold,0.80ct Total Diamond Weight Huggie Earrings set in 9ct Yellow Gold Stock: ZJ-39131 Diamonds: Lab Grown Round Size: 3mm each Colour: D E F Clarity: VS Total Weight: 0.80ct Gold : 9ct Yellow Gold Availability 1-2 Business Days,16900.00,0.80ct Total Diamond Weight Huggie Earrings set in 9ct Yellow Gold,0-80ct-total-diamond-weight-huggie-earrings-set-in-9ct-yellow-gold,shopify:0-80ct-total-diamond-weight-huggie-earrings-set-in-9ct-yellow-gold,6,C:\Users\Lil Steez-E\Pictures\product-crawler\shopify_downloads2\earrings\1-40ct-total-weight-lab-grown-diamond-halo-earrings-set-in-9ct-white-gold-copy\0-80ct-total-diamond-weight-huggie-earrings-set-in-9ct-yellow-gold\1_8c5ec6c0-c074-43a7-b870-9b88deb176eb.jpg | C:\Users\Lil Steez-E\Pictures\product-crawler\shopify_downloads2\earrings\1-40ct-total-weight-lab-grown-diamond-halo-earrings-set-in-9ct-white-gold-copy\0-80ct-total-diamond-weight-huggie-earrings-set-in-9ct-yellow-gold\2_9bed4213-f58b-47fd-9f12-6ee3adb2aee4.jpg | C:\Users\Lil Steez-E\Pictures\product-crawler\shopify_downloads2\earrings\1-40ct-total-weight-lab-grown-diamond-halo-earrings-set-in-9ct-white-gold-copy\0-80ct-total-diamond-weight-huggie-earrings-set-in-9ct-yellow-gold\3_989952bf-ee0b-454f-8725-59348e498900.jpg | C:\Users\Lil Steez-E\Pictures\product-crawler\shopify_downloads2\earrings\1-40ct-total-weight-lab-grown-diamond-halo-earrings-set-in-9ct-white-gold-copy\0-80ct-total-diamond-weight-huggie-earrings-set-in-9ct-yellow-gold\4_11f42449-515f-4e17-a2bd-6a6e53f06be6.jpg | C:\Users\Lil Steez-E\Pictures\product-crawler\shopify_downloads2\earrings\1-40ct-total-weight-lab-grown-diamond-halo-earrings-set-in-9ct-white-gold-copy\0-80ct-total-diamond-weight-huggie-earrings-set-in-9ct-yellow-gold\5_fa8a6ecc-823e-4b0b-b278-9467d5cb1bec.jpg | C:\Users\Lil Steez-E\Pictures\product-crawler\shopify_downloads2\earrings\1-40ct-total-weight-lab-grown-diamond-halo-earrings-set-in-9ct-white-gold-copy\0-80ct-total-diamond-weight-huggie-earrings-set-in-9ct-yellow-gold\6_4b5599ab-a0ee-4974-a552-be786751829e.jpg
https://cdn.shopify.com/s/files/1/0647/9495/1722/files/1_8c5ec6c0-c074-43a7-b870-9b88deb176eb.jpg?v=1772622420,C:\Users\Lil Steez-E\Pictures\product-crawler\shopify_downloads2\earrings\1-40ct-total-weight-lab-grown-diamond-halo-earrings-set-in-9ct-white-gold-copy\0-80ct-total-diamond-weight-huggie-earrings-set-in-9ct-yellow-gold\1_8c5ec6c0-c074-43a7-b870-9b88deb176eb.jpg,1_8c5ec6c0-c074-43a7-b870-9b88deb176eb.jpg,shopify,https://zermattdiamonds.co.za/products/1-40ct-total-weight-lab-grown-diamond-halo-earrings-set-in-9ct-white-gold-copy,0.80ct Total Diamond Weight Huggie Earrings set in 9ct Yellow Gold,0.80ct Total Diamond Weight Huggie Earrings set in 9ct Yellow Gold Stock: ZJ-39131 Diamonds: Lab Grown Round Size: 3mm each Colour: D E F Clarity: VS Total Weight: 0.80ct Gold : 9ct Yellow Gold Availability 1-2 Business Days,16900.00,0.80ct Total Diamond Weight Huggie Earrings set in 9ct Yellow Gold,0-80ct-total-diamond-weight-huggie-earrings-set-in-9ct-yellow-gold,shopify:0-80ct-total-diamond-weight-huggie-earrings-set-in-9ct-yellow-gold,6,C:\Users\Lil Steez-E\Pictures\product-crawler\shopify_downloads2\earrings\1-40ct-total-weight-lab-grown-diamond-halo-earrings-set-in-9ct-white-gold-copy\0-80ct-total-diamond-weight-huggie-earrings-set-in-9ct-yellow-gold\earingstockgold.jpg | C:\Users\Lil Steez-E\Pictures\product-crawler\shopify_downloads2\earrings\1-40ct-total-weight-lab-grown-diamond-halo-earrings-set-in-9ct-white-gold-copy\0-80ct-total-diamond-weight-huggie-earrings-set-in-9ct-yellow-gold\2_9bed4213-f58b-47fd-9f12-6ee3adb2aee4.jpg | C:\Users\Lil Steez-E\Pictures\product-crawler\shopify_downloads2\earrings\1-40ct-total-weight-lab-grown-diamond-halo-earrings-set-in-9ct-white-gold-copy\0-80ct-total-diamond-weight-huggie-earrings-set-in-9ct-yellow-gold\3_989952bf-ee0b-454f-8725-59348e498900.jpg | C:\Users\Lil Steez-E\Pictures\product-crawler\shopify_downloads2\earrings\1-40ct-total-weight-lab-grown-diamond-halo-earrings-set-in-9ct-white-gold-copy\0-80ct-total-diamond-weight-huggie-earrings-set-in-9ct-yellow-gold\4_11f42449-515f-4e17-a2bd-6a6e53f06be6.jpg | C:\Users\Lil Steez-E\Pictures\product-crawler\shopify_downloads2\earrings\1-40ct-total-weight-lab-grown-diamond-halo-earrings-set-in-9ct-white-gold-copy\0-80ct-total-diamond-weight-huggie-earrings-set-in-9ct-yellow-gold\5_fa8a6ecc-823e-4b0b-b278-9467d5cb1bec.jpg | C:\Users\Lil Steez-E\Pictures\product-crawler\shopify_downloads2\earrings\1-40ct-total-weight-lab-grown-diamond-halo-earrings-set-in-9ct-white-gold-copy\0-80ct-total-diamond-weight-huggie-earrings-set-in-9ct-yellow-gold\6_4b5599ab-a0ee-4974-a552-be786751829e.jpg
https://cdn.shopify.com/s/files/1/0647/9495/1722/files/2_9bed4213-f58b-47fd-9f12-6ee3adb2aee4.jpg?v=1772622421,C:\Users\Lil Steez-E\Pictures\product-crawler\shopify_downloads2\earrings\1-40ct-total-weight-lab-grown-diamond-halo-earrings-set-in-9ct-white-gold-copy\0-80ct-total-diamond-weight-huggie-earrings-set-in-9ct-yellow-gold\2_9bed4213-f58b-47fd-9f12-6ee3adb2aee4.jpg,2_9bed4213-f58b-47fd-9f12-6ee3adb2aee4.jpg,shopify,https://zermattdiamonds.co.za/products/1-40ct-total-weight-lab-grown-diamond-halo-earrings-set-in-9ct-white-gold-copy,0.80ct Total Diamond Weight Huggie Earrings set in 9ct Yellow Gold,0.80ct Total Diamond Weight Huggie Earrings set in 9ct Yellow Gold Stock: ZJ-39131 Diamonds: Lab Grown Round Size: 3mm each Colour: D E F Clarity: VS Total Weight: 0.80ct Gold : 9ct Yellow Gold Availability 1-2 Business Days,16900.00,0.80ct Total Diamond Weight Huggie Earrings set in 9ct Yellow Gold,0-80ct-total-diamond-weight-huggie-earrings-set-in-9ct-yellow-gold,shopify:0-80ct-total-diamond-weight-huggie-earrings-set-in-9ct-yellow-gold,6,C:\Users\Lil Steez-E\Pictures\product-crawler\shopify_downloads2\earrings\1-40ct-total-weight-lab-grown-diamond-halo-earrings-set-in-9ct-white-gold-copy\0-80ct-total-diamond-weight-huggie-earrings-set-in-9ct-yellow-gold\earingstockgold.jpg | C:\Users\Lil Steez-E\Pictures\product-crawler\shopify_downloads2\earrings\1-40ct-total-weight-lab-grown-diamond-halo-earrings-set-in-9ct-white-gold-copy\0-80ct-total-diamond-weight-huggie-earrings-set-in-9ct-yellow-gold\1_8c5ec6c0-c074-43a7-b870-9b88deb176eb.jpg | C:\Users\Lil Steez-E\Pictures\product-crawler\shopify_downloads2\earrings\1-40ct-total-weight-lab-grown-diamond-halo-earrings-set-in-9ct-white-gold-copy\0-80ct-total-diamond-weight-huggie-earrings-set-in-9ct-yellow-gold\3_989952bf-ee0b-454f-8725-59348e498900.jpg | C:\Users\Lil Steez-E\Pictures\product-crawler\shopify_downloads2\earrings\1-40ct-total-weight-lab-grown-diamond-halo-earrings-set-in-9ct-white-gold-copy\0-80ct-total-diamond-weight-huggie-earrings-set-in-9ct-yellow-gold\4_11f42449-515f-4e17-a2bd-6a6e53f06be6.jpg | C:\Users\Lil Steez-E\Pictures\product-crawler\shopify_downloads2\earrings\1-40ct-total-weight-lab-grown-diamond-halo-earrings-set-in-9ct-white-gold-copy\0-80ct-total-diamond-weight-huggie-earrings-set-in-9ct-yellow-gold\5_fa8a6ecc-823e-4b0b-b278-9467d5cb1bec.jpg | C:\Users\Lil Steez-E\Pictures\product-crawler\shopify_downloads2\earrings\1-40ct-total-weight-lab-grown-diamond-halo-earrings-set-in-9ct-white-gold-copy\0-80ct-total-diamond-weight-huggie-earrings-set-in-9ct-yellow-gold\6_4b5599ab-a0ee-4974-a552-be786751829e.jpg
https://cdn.shopify.com/s/files/1/0647/9495/1722/files/3_989952bf-ee0b-454f-8725-59348e498900.jpg?v=1772622420,C:\Users\Lil Steez-E\Pictures\product-crawler\shopify_downloads2\earrings\1-40ct-total-weight-lab-grown-diamond-halo-earrings-set-in-9ct-white-gold-copy\0-80ct-total-diamond-weight-huggie-earrings-set-in-9ct-yellow-gold\3_989952bf-ee0b-454f-8725-59348e498900.jpg,3_989952bf-ee0b-454f-8725-59348e498900.jpg,shopify,https://zermattdiamonds.co.za/products/1-40ct-total-weight-lab-grown-diamond-halo-earrings-set-in-9ct-white-gold-copy,0.80ct Total Diamond Weight Huggie Earrings set in 9ct Yellow Gold,0.80ct Total Diamond Weight Huggie Earrings set in 9ct Yellow Gold Stock: ZJ-39131 Diamonds: Lab Grown Round Size: 3mm each Colour: D E F Clarity: VS Total Weight: 0.80ct Gold : 9ct Yellow Gold Availability 1-2 Business Days,16900.00,0.80ct Total Diamond Weight Huggie Earrings set in 9ct Yellow Gold,0-80ct-total-diamond-weight-huggie-earrings-set-in-9ct-yellow-gold,shopify:0-80ct-total-diamond-weight-huggie-earrings-set-in-9ct-yellow-gold,6,C:\Users\Lil Steez-E\Pictures\product-crawler\shopify_downloads2\earrings\1-40ct-total-weight-lab-grown-diamond-halo-earrings-set-in-9ct-white-gold-copy\0-80ct-total-diamond-weight-huggie-earrings-set-in-9ct-yellow-gold\earingstockgold.jpg | C:\Users\Lil Steez-E\Pictures\product-crawler\shopify_downloads2\earrings\1-40ct-total-weight-lab-grown-diamond-halo-earrings-set-in-9ct-white-gold-copy\0-80ct-total-diamond-weight-huggie-earrings-set-in-9ct-yellow-gold\1_8c5ec6c0-c074-43a7-b870-9b88deb176eb.jpg | C:\Users\Lil Steez-E\Pictures\product-crawler\shopify_downloads2\earrings\1-40ct-total-weight-lab-grown-diamond-halo-earrings-set-in-9ct-white-gold-copy\0-80ct-total-diamond-weight-huggie-earrings-set-in-9ct-yellow-gold\2_9bed4213-f58b-47fd-9f12-6ee3adb2aee4.jpg | C:\Users\Lil Steez-E\Pictures\product-crawler\shopify_downloads2\earrings\1-40ct-total-weight-lab-grown-diamond-halo-earrings-set-in-9ct-white-gold-copy\0-80ct-total-diamond-weight-huggie-earrings-set-in-9ct-yellow-gold\4_11f42449-515f-4e17-a2bd-6a6e53f06be6.jpg | C:\Users\Lil Steez-E\Pictures\product-crawler\shopify_downloads2\earrings\1-40ct-total-weight-lab-grown-diamond-halo-earrings-set-in-9ct-white-gold-copy\0-80ct-total-diamond-weight-huggie-earrings-set-in-9ct-yellow-gold\5_fa8a6ecc-823e-4b0b-b278-9467d5cb1bec.jpg | C:\Users\Lil Steez-E\Pictures\product-crawler\shopify_downloads2\earrings\1-40ct-total-weight-lab-grown-diamond-halo-earrings-set-in-9ct-white-gold-copy\0-80ct-total-diamond-weight-huggie-earrings-set-in-9ct-yellow-gold\6_4b5599ab-a0ee-4974-a552-be786751829e.jpg
https://cdn.shopify.com/s/files/1/0647/9495/1722/files/4_11f42449-515f-4e17-a2bd-6a6e53f06be6.jpg?v=1772622421,C:\Users\Lil Steez-E\Pictures\product-crawler\shopify_downloads2\earrings\1-40ct-total-weight-lab-grown-diamond-halo-earrings-set-in-9ct-white-gold-copy\0-80ct-total-diamond-weight-huggie-earrings-set-in-9ct-yellow-gold\4_11f42449-515f-4e17-a2bd-6a6e53f06be6.jpg,4_11f42449-515f-4e17-a2bd-6a6e53f06be6.jpg,shopify,https://zermattdiamonds.co.za/products/1-40ct-total-weight-lab-grown-diamond-halo-earrings-set-in-9ct-white-gold-copy,0.80ct Total Diamond Weight Huggie Earrings set in 9ct Yellow Gold,0.80ct Total Diamond Weight Huggie Earrings set in 9ct Yellow Gold Stock: ZJ-39131 Diamonds: Lab Grown Round Size: 3mm each Colour: D E F Clarity: VS Total Weight: 0.80ct Gold : 9ct Yellow Gold Availability 1-2 Business Days,16900.00,0.80ct Total Diamond Weight Huggie Earrings set in 9ct Yellow Gold,0-80ct-total-diamond-weight-huggie-earrings-set-in-9ct-yellow-gold,shopify:0-80ct-total-diamond-weight-huggie-earrings-set-in-9ct-yellow-gold,6,C:\Users\Lil Steez-E\Pictures\product-crawler\shopify_downloads2\earrings\1-40ct-total-weight-lab-grown-diamond-halo-earrings-set-in-9ct-white-gold-copy\0-80ct-total-diamond-weight-huggie-earrings-set-in-9ct-yellow-gold\earingstockgold.jpg | C:\Users\Lil Steez-E\Pictures\product-crawler\shopify_downloads2\earrings\1-40ct-total-weight-lab-grown-diamond-halo-earrings-set-in-9ct-white-gold-copy\0-80ct-total-diamond-weight-huggie-earrings-set-in-9ct-yellow-gold\1_8c5ec6c0-c074-43a7-b870-9b88deb176eb.jpg | C:\Users\Lil Steez-E\Pictures\product-crawler\shopify_downloads2\earrings\1-40ct-total-weight-lab-grown-diamond-halo-earrings-set-in-9ct-white-gold-copy\0-80ct-total-diamond-weight-huggie-earrings-set-in-9ct-yellow-gold\2_9bed4213-f58b-47fd-9f12-6ee3adb2aee4.jpg | C:\Users\Lil Steez-E\Pictures\product-crawler\shopify_downloads2\earrings\1-40ct-total-weight-lab-grown-diamond-halo-earrings-set-in-9ct-white-gold-copy\0-80ct-total-diamond-weight-huggie-earrings-set-in-9ct-yellow-gold\3_989952bf-ee0b-454f-8725-59348e498900.jpg | C:\Users\Lil Steez-E\Pictures\product-crawler\shopify_downloads2\earrings\1-40ct-total-weight-lab-grown-diamond-halo-earrings-set-in-9ct-white-gold-copy\0-80ct-total-diamond-weight-huggie-earrings-set-in-9ct-yellow-gold\5_fa8a6ecc-823e-4b0b-b278-9467d5cb1bec.jpg | C:\Users\Lil Steez-E\Pictures\product-crawler\shopify_downloads2\earrings\1-40ct-total-weight-lab-grown-diamond-halo-earrings-set-in-9ct-white-gold-copy\0-80ct-total-diamond-weight-huggie-earrings-set-in-9ct-yellow-gold\6_4b5599ab-a0ee-4974-a552-be786751829e.jpg
https://cdn.shopify.com/s/files/1/0647/9495/1722/files/5_fa8a6ecc-823e-4b0b-b278-9467d5cb1bec.jpg?v=1772622421,C:\Users\Lil Steez-E\Pictures\product-crawler\shopify_downloads2\earrings\1-40ct-total-weight-lab-grown-diamond-halo-earrings-set-in-9ct-white-gold-copy\0-80ct-total-diamond-weight-huggie-earrings-set-in-9ct-yellow-gold\5_fa8a6ecc-823e-4b0b-b278-9467d5cb1bec.jpg,5_fa8a6ecc-823e-4b0b-b278-9467d5cb1bec.jpg,shopify,https://zermattdiamonds.co.za/products/1-40ct-total-weight-lab-grown-diamond-halo-earrings-set-in-9ct-white-gold-copy,0.80ct Total Diamond Weight Huggie Earrings set in 9ct Yellow Gold,0.80ct Total Diamond Weight Huggie Earrings set in 9ct Yellow Gold Stock: ZJ-39131 Diamonds: Lab Grown Round Size: 3mm each Colour: D E F Clarity: VS Total Weight: 0.80ct Gold : 9ct Yellow Gold Availability 1-2 Business Days,16900.00,0.80ct Total Diamond Weight Huggie Earrings set in 9ct Yellow Gold,0-80ct-total-diamond-weight-huggie-earrings-set-in-9ct-yellow-gold,shopify:0-80ct-total-diamond-weight-huggie-earrings-set-in-9ct-yellow-gold,6,C:\Users\Lil Steez-E\Pictures\product-crawler\shopify_downloads2\earrings\1-40ct-total-weight-lab-grown-diamond-halo-earrings-set-in-9ct-white-gold-copy\0-80ct-total-diamond-weight-huggie-earrings-set-in-9ct-yellow-gold\earingstockgold.jpg | C:\Users\Lil Steez-E\Pictures\product-crawler\shopify_downloads2\earrings\1-40ct-total-weight-lab-grown-diamond-halo-earrings-set-in-9ct-white-gold-copy\0-80ct-total-diamond-weight-huggie-earrings-set-in-9ct-yellow-gold\1_8c5ec6c0-c074-43a7-b870-9b88deb176eb.jpg | C:\Users\Lil Steez-E\Pictures\product-crawler\shopify_downloads2\earrings\1-40ct-total-weight-lab-grown-diamond-halo-earrings-set-in-9ct-white-gold-copy\0-80ct-total-diamond-weight-huggie-earrings-set-in-9ct-yellow-gold\2_9bed4213-f58b-47fd-9f12-6ee3adb2aee4.jpg | C:\Users\Lil Steez-E\Pictures\product-crawler\shopify_downloads2\earrings\1-40ct-total-weight-lab-grown-diamond-halo-earrings-set-in-9ct-white-gold-copy\0-80ct-total-diamond-weight-huggie-earrings-set-in-9ct-yellow-gold\3_989952bf-ee0b-454f-8725-59348e498900.jpg | C:\Users\Lil Steez-E\Pictures\product-crawler\shopify_downloads2\earrings\1-40ct-total-weight-lab-grown-diamond-halo-earrings-set-in-9ct-white-gold-copy\0-80ct-total-diamond-weight-huggie-earrings-set-in-9ct-yellow-gold\4_11f42449-515f-4e17-a2bd-6a6e53f06be6.jpg | C:\Users\Lil Steez-E\Pictures\product-crawler\shopify_downloads2\earrings\1-40ct-total-weight-lab-grown-diamond-halo-earrings-set-in-9ct-white-gold-copy\0-80ct-total-diamond-weight-huggie-earrings-set-in-9ct-yellow-gold\6_4b5599ab-a0ee-4974-a552-be786751829e.jpg
https://cdn.shopify.com/s/files/1/0647/9495/1722/files/6_4b5599ab-a0ee-4974-a552-be786751829e.jpg?v=1772622420,C:\Users\Lil Steez-E\Pictures\product-crawler\shopify_downloads2\earrings\1-40ct-total-weight-lab-grown-diamond-halo-earrings-set-in-9ct-white-gold-copy\0-80ct-total-diamond-weight-huggie-earrings-set-in-9ct-yellow-gold\6_4b5599ab-a0ee-4974-a552-be786751829e.jpg,6_4b5599ab-a0ee-4974-a552-be786751829e.jpg,shopify,https://zermattdiamonds.co.za/products/1-40ct-total-weight-lab-grown-diamond-halo-earrings-set-in-9ct-white-gold-copy,0.80ct Total Diamond Weight Huggie Earrings set in 9ct Yellow Gold,0.80ct Total Diamond Weight Huggie Earrings set in 9ct Yellow Gold Stock: ZJ-39131 Diamonds: Lab Grown Round Size: 3mm each Colour: D E F Clarity: VS Total Weight: 0.80ct Gold : 9ct Yellow Gold Availability 1-2 Business Days,16900.00,0.80ct Total Diamond Weight Huggie Earrings set in 9ct Yellow Gold,0-80ct-total-diamond-weight-huggie-earrings-set-in-9ct-yellow-gold,shopify:0-80ct-total-diamond-weight-huggie-earrings-set-in-9ct-yellow-gold,6,C:\Users\Lil Steez-E\Pictures\product-crawler\shopify_downloads2\earrings\1-40ct-total-weight-lab-grown-diamond-halo-earrings-set-in-9ct-white-gold-copy\0-80ct-total-diamond-weight-huggie-earrings-set-in-9ct-yellow-gold\earingstockgold.jpg | C:\Users\Lil Steez-E\Pictures\product-crawler\shopify_downloads2\earrings\1-40ct-total-weight-lab-grown-diamond-halo-earrings-set-in-9ct-white-gold-copy\0-80ct-total-diamond-weight-huggie-earrings-set-in-9ct-yellow-gold\1_8c5ec6c0-c074-43a7-b870-9b88deb176eb.jpg | C:\Users\Lil Steez-E\Pictures\product-crawler\shopify_downloads2\earrings\1-40ct-total-weight-lab-grown-diamond-halo-earrings-set-in-9ct-white-gold-copy\0-80ct-total-diamond-weight-huggie-earrings-set-in-9ct-yellow-gold\2_9bed4213-f58b-47fd-9f12-6ee3adb2aee4.jpg | C:\Users\Lil Steez-E\Pictures\product-crawler\shopify_downloads2\earrings\1-40ct-total-weight-lab-grown-diamond-halo-earrings-set-in-9ct-white-gold-copy\0-80ct-total-diamond-weight-huggie-earrings-set-in-9ct-yellow-gold\3_989952bf-ee0b-454f-8725-59348e498900.jpg | C:\Users\Lil Steez-E\Pictures\product-crawler\shopify_downloads2\earrings\1-40ct-total-weight-lab-grown-diamond-halo-earrings-set-in-9ct-white-gold-copy\0-80ct-total-diamond-weight-huggie-earrings-set-in-9ct-yellow-gold\4_11f42449-515f-4e17-a2bd-6a6e53f06be6.jpg | C:\Users\Lil Steez-E\Pictures\product-crawler\shopify_downloads2\earrings\1-40ct-total-weight-lab-grown-diamond-halo-earrings-set-in-9ct-white-gold-copy\0-80ct-total-diamond-weight-huggie-earrings-set-in-9ct-yellow-gold\5_fa8a6ecc-823e-4b0b-b278-9467d5cb1bec.jpg
https://cdn.shopify.com/s/files/1/0647/9495/1722/files/41002.alt1.jpg?v=1745547326,C:\Users\Lil Steez-E\Pictures\product-crawler\shopify_downloads2\earrings\round-center-round-halo-41002-1-8\diamond-double-halo-studs-set-in-rose-white-gold\41002.alt1.jpg,41002.alt1.jpg,shopify,https://zermattdiamonds.co.za/products/round-center-round-halo-41002-1-8,Diamond Double Halo Studs Set In Rose & White Gold,Diamond Double Halo Studs Set In Rose & White Gold,3343.75,Diamond Double Halo Studs Set In Rose & White Gold,diamond-double-halo-studs-set-in-rose-white-gold,shopify:diamond-double-halo-studs-set-in-rose-white-gold,0,
https://cdn.shopify.com/s/files/1/0647/9495/1722/files/41002.jpg?v=1745546648,C:\Users\Lil Steez-E\Pictures\product-crawler\shopify_downloads2\earrings\round-center-round-halo-41002-1-4\diamond-double-halo-studs-set-in-white-gold\41002.jpg,41002.jpg,shopify,https://zermattdiamonds.co.za/products/round-center-round-halo-41002-1-4,Diamond Double Halo Studs Set In White Gold,Diamond Double Halo Studs Set In White Gold,3343.75,Diamond Double Halo Studs Set In White Gold,diamond-double-halo-studs-set-in-white-gold,shopify:diamond-double-halo-studs-set-in-white-gold,0,
https://cdn.shopify.com/s/files/1/0647/9495/1722/files/LGER007.alt.jpg?v=1745545663,C:\Users\Lil Steez-E\Pictures\product-crawler\shopify_downloads2\earrings\lab-grown-diamond-hoop-earrings-lger007\diamond-hoop-earrings\LGER007.alt.jpg,LGER007.alt.jpg,shopify,https://zermattdiamonds.co.za/products/lab-grown-diamond-hoop-earrings-lger007,Diamond Hoop Earrings,"This piece can be fully customised to suit your unique style. Select your preferred diamond shape, size, and quality, along with your choice of gold type and colour. Each custom order is crafted with exceptional care to bring your personal vision to life. For more information or assistance, please contact our office with any enquiries",3343.75,Diamond Hoop Earrings,diamond-hoop-earrings,shopify:diamond-hoop-earrings,0,
https://cdn.shopify.com/s/files/1/0647/9495/1722/files/LGER012.alt.jpg?v=1745545678,C:\Users\Lil Steez-E\Pictures\product-crawler\shopify_downloads2\earrings\lab-grown-diamond-fashion-earrings-round-lger012\aesthetic-diamond-earrings\LGER012.alt.jpg,LGER012.alt.jpg,shopify,https://zermattdiamonds.co.za/products/lab-grown-diamond-fashion-earrings-round-lger012,Aesthetic Diamond Earrings,"This piece can be fully customised to suit your unique style. Select your preferred diamond shape, size, and quality, along with your choice of gold type and colour. Each custom order is crafted with exceptional care to bring your personal vision to life. For more information or assistance, please contact our office with any enquiries",3343.75,Aesthetic Diamond Earrings,aesthetic-diamond-earrings,shopify:aesthetic-diamond-earrings,0,
https://cdn.shopify.com/s/files/1/0647/9495/1722/files/LGER014.alt.jpg?v=1745545668,C:\Users\Lil Steez-E\Pictures\product-crawler\shopify_downloads2\earrings\lab-grown-diamond-fashion-earrings-lger014\sun-set-cluster-diamond-earrings\LGER014.alt.jpg,LGER014.alt.jpg,shopify,https://zermattdiamonds.co.za/products/lab-grown-diamond-fashion-earrings-lger014,Sun Set Cluster Diamond Earrings,"This piece can be fully customised to suit your unique style. Select your preferred diamond shape, size, and quality, along with your choice of gold type and colour. Each custom order is crafted with exceptional care to bring your personal vision to life. For more information or assistance, please contact our office with any enquiries",3343.75,Sun Set Cluster Diamond Earrings,sun-set-cluster-diamond-earrings,shopify:sun-set-cluster-diamond-earrings,0,
https://cdn.shopify.com/s/files/1/0647/9495/1722/files/LGER002.jpg?v=1745545586,C:\Users\Lil Steez-E\Pictures\product-crawler\shopify_downloads2\earrings\lab-grown-diamond-fashion-earrings-lger002\diamond-tube-set-earring\LGER002.jpg,LGER002.jpg,shopify,https://zermattdiamonds.co.za/products/lab-grown-diamond-fashion-earrings-lger002,Diamond Tube Set Earring,"This piece can be fully customised to suit your unique style. Select your preferred diamond shape, size, and quality, along with your choice of gold type and colour. Each custom order is crafted with exceptional care to bring your personal vision to life. For more information or assistance, please contact our office with any enquiries",3343.75,Diamond Tube Set Earring,diamond-tube-set-earring,shopify:diamond-tube-set-earring,0,
https://cdn.shopify.com/s/files/1/0647/9495/1722/files/LGER017.jpg?v=1745545460,C:\Users\Lil Steez-E\Pictures\product-crawler\shopify_downloads2\earrings\lab-grown-diamond-earrings-omega-backs-lger017\diamond-hoop-earrings-set-in-omega-backs\LGER017.jpg,LGER017.jpg,shopify,https://zermattdiamonds.co.za/products/lab-grown-diamond-earrings-omega-backs-lger017,Diamond Hoop Earrings Set In  Omega Backs,"This piece can be fully customised to suit your unique style. Select your preferred diamond shape, size, and quality, along with your choice of gold type and colour. Each custom order is crafted with exceptional care to bring your personal vision to life. For more information or assistance, please contact our office with any enquiries",3343.75,Diamond Hoop Earrings Set In  Omega Backs,diamond-hoop-earrings-set-in-omega-backs,shopify:diamond-hoop-earrings-set-in-omega-backs,0,
https://cdn.shopify.com/s/files/1/0647/9495/1722/files/LGER005-1.alt.jpg?v=1745545681,C:\Users\Lil Steez-E\Pictures\product-crawler\shopify_downloads2\earrings\lab-grown-diamond-earrings-cluster-lger005-1\cluster-diamond-earrings-set-in-yellow-gold\LGER005-1.alt.jpg,LGER005-1.alt.jpg,shopify,https://zermattdiamonds.co.za/products/lab-grown-diamond-earrings-cluster-lger005-1,Cluster Diamond Earrings Set In Yellow Gold,"This piece can be fully customised to suit your unique style. Select your preferred diamond shape, size, and quality, along with your choice of gold type and colour. Each custom order is crafted with exceptional care to bring your personal vision to life. For more information or assistance, please contact our office with any enquiries",3343.75,Cluster Diamond Earrings Set In Yellow Gold,cluster-diamond-earrings-set-in-yellow-gold,shopify:cluster-diamond-earrings-set-in-yellow-gold,0,
https://cdn.shopify.com/s/files/1/0647/9495/1722/files/LGER008.alt.jpg?v=1745545650,C:\Users\Lil Steez-E\Pictures\product-crawler\shopify_downloads2\earrings\lab-grown-diamond-earrings-cluster-lger008\flower-shape-diamond-earrings\LGER008.alt.jpg,LGER008.alt.jpg,shopify,https://zermattdiamonds.co.za/products/lab-grown-diamond-earrings-cluster-lger008,Flower Shape Diamond Earrings,"This piece can be fully customised to suit your unique style. Select your preferred diamond shape, size, and quality, along with your choice of gold type and colour. Each custom order is crafted with exceptional care to bring your personal vision to life. For more information or assistance, please contact our office with any enquiries",9999.00,Flower Shape Diamond Earrings,flower-shape-diamond-earrings,shopify:flower-shape-diamond-earrings,0,
https://cdn.shopify.com/s/files/1/0647/9495/1722/files/LGER024.jpg?v=1745545639,C:\Users\Lil Steez-E\Pictures\product-crawler\shopify_downloads2\earrings\lab-grown-diamond-earrings-lger024\diamond-drop-earrings\LGER024.jpg,LGER024.jpg,shopify,https://zermattdiamonds.co.za/products/lab-grown-diamond-earrings-lger024,Diamond Drop Earrings,"This piece can be fully customised to suit your unique style. Select your preferred diamond shape, size, and quality, along with your choice of gold type and colour. Each custom order is crafted with exceptional care to bring your personal vision to life. For more information or assistance, please contact our office with any enquiries",3343.75,Diamond Drop Earrings,diamond-drop-earrings,shopify:diamond-drop-earrings,0,
https://cdn.shopify.com/s/files/1/0647/9495/1722/files/LGER016.jpg?v=1745545426,C:\Users\Lil Steez-E\Pictures\product-crawler\shopify_downloads2\earrings\lab-grown-diamond-earrings-lger016\diamond-drop-tube-set-earrings\LGER016.jpg,LGER016.jpg,shopify,https://zermattdiamonds.co.za/products/lab-grown-diamond-earrings-lger016,Diamond Drop Tube Set Earrings,"This piece can be fully customised to suit your unique style. Select your preferred diamond shape, size, and quality, along with your choice of gold type and colour. Each custom order is crafted with exceptional care to bring your personal vision to life. For more information or assistance, please contact our office with any enquiries",3343.75,Diamond Drop Tube Set Earrings,diamond-drop-tube-set-earrings,shopify:diamond-drop-tube-set-earrings,0,
https://cdn.shopify.com/s/files/1/0647/9495/1722/files/LGER022.jpg?v=1745545464,C:\Users\Lil Steez-E\Pictures\product-crawler\shopify_downloads2\earrings\lab-grown-diamond-double-row-vault-lock-lger022\lab-grown-diamond-double-row-vault-lock\LGER022.jpg,LGER022.jpg,shopify,https://zermattdiamonds.co.za/products/lab-grown-diamond-double-row-vault-lock-lger022,Lab Grown Diamond Double Row Vault Lock,Lab Grown Diamond Double Row Vault Lock crafted in 14kt White gold featuring lab grown diamonds.,3343.75,Lab Grown Diamond Double Row Vault Lock,lab-grown-diamond-double-row-vault-lock,shopify:lab-grown-diamond-double-row-vault-lock,0,
https://cdn.shopify.com/s/files/1/0647/9495/1722/files/LGER003-1.jpg?v=1745545676,C:\Users\Lil Steez-E\Pictures\product-crawler\shopify_downloads2\earrings\lab-grown-diamond-3-stone-earrings-lger003-1\trillogy-diamond-earrings\LGER003-1.jpg,LGER003-1.jpg,shopify,https://zermattdiamonds.co.za/products/lab-grown-diamond-3-stone-earrings-lger003-1,Trillogy Diamond Earrings,"This piece can be fully customised to suit your unique style. Select your preferred diamond shape, size, and quality, along with your choice of gold type and colour. Each custom order is crafted with exceptional care to bring your personal vision to life. For more information or assistance, please contact our office with any enquiries",3343.75,Trillogy Diamond Earrings,trillogy-diamond-earrings,shopify:trillogy-diamond-earrings,1,C:\Users\Lil Steez-E\Pictures\product-crawler\shopify_downloads2\earrings\lab-grown-diamond-3-stone-earrings-lger009\trillogy-diamond-earrings\LGER009.alt.jpg
https://cdn.shopify.com/s/files/1/0647/9495/1722/files/LGER009.alt.jpg?v=1745545621,C:\Users\Lil Steez-E\Pictures\product-crawler\shopify_downloads2\earrings\lab-grown-diamond-3-stone-earrings-lger009\trillogy-diamond-earrings\LGER009.alt.jpg,LGER009.alt.jpg,shopify,https://zermattdiamonds.co.za/products/lab-grown-diamond-3-stone-earrings-lger009,Trillogy Diamond Earrings,"This piece can be fully customised to suit your unique style. Select your preferred diamond shape, size, and quality, along with your choice of gold type and colour. Each custom order is crafted with exceptional care to bring your personal vision to life. For more information or assistance, please contact our office with any enquiries",3343.75,Trillogy Diamond Earrings,trillogy-diamond-earrings,shopify:trillogy-diamond-earrings,1,C:\Users\Lil Steez-E\Pictures\product-crawler\shopify_downloads2\earrings\lab-grown-diamond-3-stone-earrings-lger003-1\trillogy-diamond-earrings\LGER003-1.jpg
https://cdn.shopify.com/s/files/1/0647/9495/1722/files/40205.alt.jpg?v=1745545264,C:\Users\Lil Steez-E\Pictures\product-crawler\shopify_downloads2\earrings\earrings-single-stone-40205-25\drop-diamond-earrings-set-in-white-gold\40205.alt.jpg,40205.alt.jpg,shopify,https://zermattdiamonds.co.za/products/earrings-single-stone-40205-25,Drop Diamond Earrings Set In White Gold,Drop Diamond Earrings Set In White Gold,3343.75,Drop Diamond Earrings Set In White Gold,drop-diamond-earrings-set-in-white-gold,shopify:drop-diamond-earrings-set-in-white-gold,0,
https://cdn.shopify.com/s/files/1/0647/9495/1722/files/40920.jpg?v=1745546394,C:\Users\Lil Steez-E\Pictures\product-crawler\shopify_downloads2\earrings\earrings-hoop-earrings-vault-lock-40920-a\hoop-diamond-earrings-vault-lock\40920.jpg,40920.jpg,shopify,https://zermattdiamonds.co.za/products/earrings-hoop-earrings-vault-lock-40920-a,Hoop Diamond Earrings Vault Lock,"This piece can be fully customised to suit your unique style. Select your preferred diamond shape, size, and quality, along with your choice of gold type and colour. Each custom order is crafted with exceptional care to bring your personal vision to life. For more information or assistance, please contact our office with any enquiries",3343.75,Hoop Diamond Earrings Vault Lock,hoop-diamond-earrings-vault-lock,shopify:hoop-diamond-earrings-vault-lock,0,
https://cdn.shopify.com/s/files/1/0647/9495/1722/files/40654.alt.jpg?v=1745545073,C:\Users\Lil Steez-E\Pictures\product-crawler\shopify_downloads2\earrings\earrings-hoop-earrings-standard-hoops-40654-1\diamond-hoop-huggie-earrings\40654.alt.jpg,40654.alt.jpg,shopify,https://zermattdiamonds.co.za/products/earrings-hoop-earrings-standard-hoops-40654-1,Diamond Hoop Huggie Earrings,"This piece can be fully customised to suit your unique style. Select your preferred diamond shape, size, and quality, along with your choice of gold type and colour. Each custom order is crafted with exceptional care to bring your personal vision to life. For more information or assistance, please contact our office with any enquiries",0.00,Diamond Hoop Huggie Earrings,diamond-hoop-huggie-earrings,shopify:diamond-hoop-huggie-earrings,0,
https://cdn.shopify.com/s/files/1/0647/9495/1722/files/40937.jpg?v=1745546841,C:\Users\Lil Steez-E\Pictures\product-crawler\shopify_downloads2\earrings\earrings-halo-40937-5\princess-cut-halo-diamond-earrings\40937.jpg,40937.jpg,shopify,https://zermattdiamonds.co.za/products/earrings-halo-40937-5,Princess Cut Halo Diamond Earrings,"This piece can be fully customised to suit your unique style. Select your preferred diamond shape, size, and quality, along with your choice of gold type and colour. Each custom order is crafted with exceptional care to bring your personal vision to life. For more information or assistance, please contact our office with any enquiries",3343.75,Princess Cut Halo Diamond Earrings,princess-cut-halo-diamond-earrings,shopify:princess-cut-halo-diamond-earrings,0,
https://cdn.shopify.com/s/files/1/0647/9495/1722/files/40936.jpg?v=1745546620,C:\Users\Lil Steez-E\Pictures\product-crawler\shopify_downloads2\earrings\earrings-halo-40936-5\round-halo-diamond-earrings\40936.jpg,40936.jpg,shopify,https://zermattdiamonds.co.za/products/earrings-halo-40936-5,Round Halo Diamond Earrings,"This piece can be fully customised to suit your unique style. Select your preferred diamond shape, size, and quality, along with your choice of gold type and colour. Each custom order is crafted with exceptional care to bring your personal vision to life. For more information or assistance, please contact our office with any enquiries",3343.75,Round Halo Diamond Earrings,round-halo-diamond-earrings,shopify:round-halo-diamond-earrings,1,C:\Users\Lil Steez-E\Pictures\product-crawler\shopify_downloads2\earrings\earrings-halo-40589-8\round-halo-diamond-earrings\40589.alt.jpg
https://cdn.shopify.com/s/files/1/0647/9495/1722/files/40589.alt.jpg?v=1745546604,C:\Users\Lil Steez-E\Pictures\product-crawler\shopify_downloads2\earrings\earrings-halo-40589-8\round-halo-diamond-earrings\40589.alt.jpg,40589.alt.jpg,shopify,https://zermattdiamonds.co.za/products/earrings-halo-40589-8,Round Halo Diamond Earrings,"This piece can be fully customised to suit your unique style. Select your preferred diamond shape, size, and quality, along with your choice of gold type and colour. Each custom order is crafted with exceptional care to bring your personal vision to life. For more information or assistance, please contact our office with any enquiries",3343.75,Round Halo Diamond Earrings,round-halo-diamond-earrings,shopify:round-halo-diamond-earrings,1,C:\Users\Lil Steez-E\Pictures\product-crawler\shopify_downloads2\earrings\earrings-halo-40936-5\round-halo-diamond-earrings\40936.jpg
https://cdn.shopify.com/s/files/1/0647/9495/1722/files/40590.jpg?v=1745546442,C:\Users\Lil Steez-E\Pictures\product-crawler\shopify_downloads2\earrings\earrings-halo-40590-9x7\oval-halo-diamond-earrings\40590.jpg,40590.jpg,shopify,https://zermattdiamonds.co.za/products/earrings-halo-40590-9x7,Oval Halo Diamond Earrings,"This piece can be fully customised to suit your unique style. Select your preferred diamond shape, size, and quality, along with your choice of gold type and colour. Each custom order is crafted with exceptional care to bring your personal vision to life. For more information or assistance, please contact our office with any enquiries",3343.75,Oval Halo Diamond Earrings,oval-halo-diamond-earrings,shopify:oval-halo-diamond-earrings,0,
https://cdn.shopify.com/s/files/1/0647/9495/1722/files/40587.jpg?v=1745546343,C:\Users\Lil Steez-E\Pictures\product-crawler\shopify_downloads2\earrings\earrings-halo-40587-6x4\radiant-cut-halo-diamond-earrings\40587.jpg,40587.jpg,shopify,https://zermattdiamonds.co.za/products/earrings-halo-40587-6x4,Radiant Cut Halo Diamond Earrings,"This piece can be fully customised to suit your unique style. Select your preferred diamond shape, size, and quality, along with your choice of gold type and colour. Each custom order is crafted with exceptional care to bring your personal vision to life. For more information or assistance, please contact our office with any enquiries",3343.75,Radiant Cut Halo Diamond Earrings,radiant-cut-halo-diamond-earrings,shopify:radiant-cut-halo-diamond-earrings,0,
https://cdn.shopify.com/s/files/1/0647/9495/1722/files/40591.jpg?v=1745546010,C:\Users\Lil Steez-E\Pictures\product-crawler\shopify_downloads2\earrings\earrings-halo-40591-4-5\cushion-cut-halo-diamond-earrings\40591.jpg,40591.jpg,shopify,https://zermattdiamonds.co.za/products/earrings-halo-40591-4-5,Cushion Cut Halo Diamond Earrings,"This piece can be fully customised to suit your unique style. Select your preferred diamond shape, size, and quality, along with your choice of gold type and colour. Each custom order is crafted with exceptional care to bring your personal vision to life. For more information or assistance, please contact our office with any enquiries",3343.75,Cushion Cut Halo Diamond Earrings,cushion-cut-halo-diamond-earrings,shopify:cushion-cut-halo-diamond-earrings,0,
https://cdn.shopify.com/s/files/1/0647/9495/1722/files/40065.jpg?v=1745547355,C:\Users\Lil Steez-E\Pictures\product-crawler\shopify_downloads2\earrings\earrings-color-pear-40065-9x6\pear-shape-diamond-cluster-earrings\40065.jpg,40065.jpg,shopify,https://zermattdiamonds.co.za/products/earrings-color-pear-40065-9x6,Pear Shape Diamond Cluster Earrings,"This piece can be fully customised to suit your unique style. Select your preferred diamond shape, size, and quality, along with your choice of gold type and colour. Each custom order is crafted with exceptional care to bring your personal vision to life. For more information or assistance, please contact our office with any enquiries",3343.75,Pear Shape Diamond Cluster Earrings,pear-shape-diamond-cluster-earrings,shopify:pear-shape-diamond-cluster-earrings,0,
https://cdn.shopify.com/s/files/1/0647/9495/1722/files/40653.jpg?v=1745545083,C:\Users\Lil Steez-E\Pictures\product-crawler\shopify_downloads2\earrings\earrings-cluster-40653-1-4\diamond-cluster-earrings\40653.jpg,40653.jpg,shopify,https://zermattdiamonds.co.za/products/earrings-cluster-40653-1-4,Diamond Cluster Earrings,"This piece can be fully customised to suit your unique style. Select your preferred diamond shape, size, and quality, along with your choice of gold type and colour. Each custom order is crafted with exceptional care to bring your personal vision to life. For more information or assistance, please contact our office with any enquiries",3343.75,Diamond Cluster Earrings,diamond-cluster-earrings,shopify:diamond-cluster-earrings,0,
https://cdn.shopify.com/s/files/1/0647/9495/1722/files/40338.alt.jpg?v=1745545296,C:\Users\Lil Steez-E\Pictures\product-crawler\shopify_downloads2\earrings\earrings-3-stone-40338-1-2\3-stone-diamond-stud-earrings\40338.alt.jpg,40338.alt.jpg,shopify,https://zermattdiamonds.co.za/products/earrings-3-stone-40338-1-2,3 Stone Diamond Stud Earrings,"This piece can be fully customised to suit your unique style. Select your preferred diamond shape, size, and quality, along with your choice of gold type and colour. Each custom order is crafted with exceptional care to bring your personal vision to life. For more information or assistance, please contact our office with any enquiries",3343.75,3 Stone Diamond Stud Earrings,3-stone-diamond-stud-earrings,shopify:3-stone-diamond-stud-earrings,0,
https://cdn.shopify.com/s/files/1/0647/9495/1722/files/40338.jpg?v=1745545155,C:\Users\Lil Steez-E\Pictures\product-crawler\shopify_downloads2\earrings\earrings-3-stone-40338-1\3-stone-diamond-earrings-set-in-white-gold\40338.jpg,40338.jpg,shopify,https://zermattdiamonds.co.za/products/earrings-3-stone-40338-1,3 Stone Diamond Earrings Set In White Gold,3 Stone Diamond Earring Studs Set In White Gold,3343.75,3 Stone Diamond Earrings Set In White Gold,3-stone-diamond-earrings-set-in-white-gold,shopify:3-stone-diamond-earrings-set-in-white-gold,0,
https://cdn.shopify.com/s/files/1/0647/9495/1722/files/41023.alt1.jpg?v=1745545269,C:\Users\Lil Steez-E\Pictures\product-crawler\shopify_downloads2\earrings\15-inch-3-row-pave-oval-hoop-41023-005-38mm\3-row-pave-diamond-oval-hoops-set-in-rose-gold\41023.alt1.jpg,41023.alt1.jpg,shopify,https://zermattdiamonds.co.za/products/15-inch-3-row-pave-oval-hoop-41023-005-38mm,3 Row Pave Diamond Oval Hoops Set In Rose Gold,3 Row Pave Diamond Oval Hoops Set In Rose Gold,3343.75,3 Row Pave Diamond Oval Hoops Set In Rose Gold,3-row-pave-diamond-oval-hoops-set-in-rose-gold,shopify:3-row-pave-diamond-oval-hoops-set-in-rose-gold,0,
https://cdn.shopify.com/s/files/1/0647/9495/1722/files/40977.jpg?v=1745545994,C:\Users\Lil Steez-E\Pictures\product-crawler\shopify_downloads2\earrings\5-inch-1-row-hoop-40977\diamond-huggie-earrings-12mm-wide\40977.jpg,40977.jpg,shopify,https://zermattdiamonds.co.za/products/5-inch-1-row-hoop-40977,Diamond Huggie Earrings 12mm Wide,"This piece can be fully customised to suit your unique style. Select your preferred diamond shape, size, and quality, along with your choice of gold type and colour. Each custom order is crafted with exceptional care to bring your personal vision to life. For more information or assistance, please contact our office with any enquiries",3343.75,Diamond Huggie Earrings 12mm Wide,diamond-huggie-earrings-12mm-wide,shopify:diamond-huggie-earrings-12mm-wide,0,
https://cdn.shopify.com/s/files/1/0647/9495/1722/files/41087_30459afa-295f-4920-8898-85d57f505848.jpg?v=1745546094,C:\Users\Lil Steez-E\Pictures\product-crawler\shopify_downloads2\earrings\1-4-cttw-12-ct-4-prong-wire-earrings-41087-1-8\round-brilliant-solitaire-diamond-earrings-set-in-white-gold\41087_30459afa-295f-4920-8898-85d57f505848.jpg,41087_30459afa-295f-4920-8898-85d57f505848.jpg,shopify,https://zermattdiamonds.co.za/products/1-4-cttw-12-ct-4-prong-wire-earrings-41087-1-8,Round Brilliant Solitaire Diamond Earrings Set In White Gold,Round Brilliant Solitaire Diamond Earrings Set In White Gold,3343.75,Round Brilliant Solitaire Diamond Earrings Set In White Gold,round-brilliant-solitaire-diamond-earrings-set-in-white-gold,shopify:round-brilliant-solitaire-diamond-earrings-set-in-white-gold,0,
